port,x,y,IATA
Adak,-176.645,51.883333,ADK
Akutan,-165.775,54.1325,KQA
Dillingham,-158.505556,59.044722,DLG
Naknek,-157.02,58.732778,NNK
Dutch Harbor,-166.527222,53.888889,DUT
Nome,-165.399444,64.503889,OME
Nunivak Island,-166.206944,60.389167,MYU 
Port Clarence,-166.852778,65.266111,KPC
Togiak,-160.383056,59.059167,TOG
Udagak Bay,-166.393758,53.787186,UDA
Anadyr,177.741667,64.735,DYR
Provideniya,-173.243333,64.378333,PVS